post id,Readability,Length
0,11.6,57
1,6.9,58
2,6.3,54
3,4.0,56
4,9.2,57
5,4.0,58
6,14.0,57
7,9.9,61
8,8.7,55
9,7.5,59
10,11.6,57
11,6.9,56
12,7.5,55
13,13.8,54
14,12.8,60
15,6.8,56
16,16.4,58
17,12.8,56
18,6.3,61
19,4.0,58
20,12.8,57
21,4.5,56
22,9.2,55
23,8.1,57
24,12.8,56
25,11.6,60
26,7.5,58
27,8.1,59
28,11.0,55
29,14.0,55
30,2.9,58
31,9.2,56
32,10.4,56
33,14.0,57
34,11.6,59
35,8.3,58
36,12.8,56
37,5.1,56
38,7.5,57
39,8.1,57
40,7.4,56
41,6.3,56
42,8.7,55
43,5.7,56
44,1.7,58
45,2.8,60
46,7.5,56
47,15.2,56
48,15.2,58
49,11.0,55
50,9.2,55
51,11.0,55
52,12.8,57
53,4.0,55
54,10.4,57
55,5.1,56
56,4.0,56
57,4.5,56
58,21.2,56
59,21.2,55
60,20.0,55
61,8.1,57
62,8.1,55
63,11.6,55
64,9.1,55
65,11.8,55
66,10.4,58
67,6.9,55
68,8.1,58
69,3.3,55
70,9.2,55
71,8.1,55
72,9.2,57
73,9.3,55
74,15.2,55
75,6.9,55
76,12.8,56
77,9.3,57
78,11.7,55
79,7.5,60
80,6.3,55
81,6.3,56
82,11.0,58
83,15.2,56
84,14.0,56
85,14.0,57
86,11.6,59
87,9.9,55
88,12.8,56
89,17.6,57
90,14.5,61
91,5.3,56
92,9.2,57
93,4.0,56
94,8.7,60
95,8.1,57
96,9.9,63
97,11.7,55
98,10.4,55
99,3.3,57
100,5.7,60
101,10.5,57
102,6.3,57
103,5.1,56
104,4.5,59
105,16.4,55
106,10.4,58
107,7.5,55
108,16.2,56
109,5.2,31
110,7.5,57
111,10.4,56
112,13.2,58
113,9.9,60
114,10.4,55
115,14.0,57
116,7.6,56
117,10.4,55
118,4.0,59
119,10.4,55
120,9.1,62
121,12.8,56
122,14.0,55
123,8.7,57
124,14.0,59
125,4.0,54
126,5.1,55
127,6.9,56
128,10.6,58
129,5.1,55
130,2.9,56
131,5.2,56
132,15.4,58
133,10.5,73
134,8.7,57
135,25.9,55
136,15.2,55
137,11.6,56
138,10.4,55
139,18.7,59
140,13.8,55
141,13.8,54
142,11.5,55
143,12.6,54
144,10.3,55
145,13.8,57
146,10.3,55
147,11.5,56
148,15.0,59
149,12.6,54
150,15.2,56
151,9.8,67
152,11.8,57
153,4.0,56
154,8.1,57
155,9.9,55
156,12.8,55
157,4.0,57
158,5.1,55
159,9.9,56
160,5.2,58
161,4.0,60
162,2.2,57
163,5.2,58
164,8.7,57
165,7.5,62
166,5.2,55
167,6.9,56
168,4.0,57
169,15.2,58
170,6.4,59
171,6.3,58
172,22.4,58
173,10.4,56
174,8.7,56
175,7.6,52
176,3.8,55
177,9.3,55
178,7.5,55
179,13.3,63
180,11.5,56
181,4.0,54
182,12.6,55
183,9.1,55
184,27.1,59
185,9.9,55
186,6.5,60
187,24.7,55
188,11.0,56
189,8.1,57
190,14.0,57
191,12.5,59
192,8.1,57
193,7.5,56
194,6.9,59
195,10.4,57
196,12.2,58
197,14.1,57
198,5.2,55
199,7.5,55
200,5.2,56
201,9.3,56
202,6.4,56
203,7.5,58
204,5.7,55
205,5.7,55
206,9.2,55
207,9.2,55
208,8.7,56
209,7.5,55
210,11.6,59
211,8.7,55
212,4.2,162
213,15.3,310
214,4.8,202
215,12.2,177
216,2.4,92
217,10.2,215
218,7.1,369
219,10.3,233
220,15.0,25
221,8.7,20
222,4.0,43
223,16.8,57
224,9.4,211
225,13.0,25
226,10.7,1114
227,3.7,136
228,6.4,29
229,7.3,681
230,31.0,163
231,13.9,263
232,5.9,39
233,6.4,31
234,11.5,21
235,5.3,157
236,9.6,455
237,13.5,106
238,12.2,88
239,7.1,75
240,11.2,493
241,5.9,72
242,8.7,124
243,6.3,55
244,7.1,76
245,4.4,72
246,8.6,183
247,6.5,43
248,7.5,261
249,4.1,58
250,12.2,458
251,7.3,67
252,4.9,4
253,13.4,33
254,-4.2,2
255,6.4,3
256,-0.3,3
257,10.5,62
258,1.3,7
259,9.0,1067
260,13.1,190
261,9.7,102
262,4.6,28
263,1.9,11
264,7.9,25
265,7.9,35
266,9.3,77
267,11.2,2
268,10.3,50
269,9.1,328
270,8.3,304
271,8.7,68
272,65.7,338
273,5.2,125
274,32.1,85
275,7.0,202
276,12.3,23
277,14.6,18
278,4.6,13
279,6.2,35
280,7.2,16
281,10.2,109
282,5.8,43
283,6.4,33
284,7.5,26
285,7.7,52
286,5.7,164
287,1.1,19
288,6.4,314
289,6.6,29
290,3.6,27
291,7.2,14
292,-2.2,7
293,-2.6,6
294,3.6,55
295,11.9,13
296,-3.8,3
297,6.2,121
298,-0.3,6
299,2.3,13
300,1.9,53
301,9.6,269
302,8.6,51
303,9.7,52
304,1.3,30
305,4.0,59
306,3.3,3
307,3.4,80
308,6.2,209
309,7.1,318
310,8.1,83
311,8.6,31
312,5.1,33
313,5.9,46
314,8.0,130
315,8.1,126
316,4.7,91
317,6.5,57
318,5.9,174
319,6.7,602
320,6.4,131
321,7.6,156
322,11.2,98
323,4.8,81
324,5.6,229
325,4.9,67
326,6.4,14
327,7.2,13
328,4.6,38
329,3.4,29
330,6.6,107
331,5.1,111
332,5.4,11
333,7.7,126
334,3.1,12
335,6.9,312
336,5.0,110
337,6.4,52
338,2.7,16
339,3.2,239
340,6.9,254
341,3.7,235
342,11.8,64
343,7.7,250
344,10.1,57
345,7.5,23
346,4.0,101
347,5.1,325
348,4.6,93
349,7.1,368
350,7.9,437
351,2.5,115
352,4.9,31
353,5.3,178
354,6.6,218
355,4.6,38
356,4.5,37
357,4.0,226
358,26.1,212
359,10.4,93
360,9.6,168
361,7.6,52
362,3.4,25
363,12.4,71
364,11.6,195
365,12.6,31
366,4.0,84
367,1.7,9
368,19.6,50
369,7.2,44
370,2.1,12
371,12.3,151
372,4.6,57
373,8.3,19
374,11.2,61
375,7.7,55
376,4.3,36
377,5.7,75
378,6.3,35
379,9.6,177
380,8.0,170
381,4.0,115
382,4.3,62
383,1.3,15
384,10.7,25
385,6.4,105
386,6.4,140
387,8.4,78
388,6.3,68
389,12.2,128
390,9.0,200
391,7.1,256
392,7.2,318
393,5.6,76
394,10.6,200
395,5.2,14
396,5.1,223
397,8.6,177
398,6.3,79
399,5.6,10
400,17.4,10
401,9.5,19
402,7.0,27
403,9.6,139
404,7.8,29
405,10.3,15
406,7.6,17
407,12.3,129
408,33.3,92
409,6.4,17
410,5.6,9
411,5.2,5
412,8.3,107
413,4.5,445
414,11.0,185
415,14.2,235
416,6.8,6
417,9.3,196
418,10.7,35
419,6.9,230
420,17.5,95
421,9.5,26
422,5.2,195
423,16.2,137
424,0.2,48
425,5.8,404
426,5.0,94
427,4.8,22
428,6.2,138
429,7.9,249
430,4.3,75
431,6.5,340
432,6.2,402
433,17.5,103
434,9.9,33
435,3.2,21
436,9.6,133
437,15.4,113
438,16.6,700
439,6.5,316
440,4.3,35
441,4.2,17
442,16.5,201
443,10.5,51
444,6.0,414
445,11.6,220
446,9.2,77
447,5.2,169
448,5.1,28
449,33.7,442
450,6.8,24
451,8.5,181
452,8.3,364
453,6.9,185
454,7.3,140
455,5.6,648
456,-4.2,2
457,0.5,17
458,10.4,109
459,2.8,47
460,4.8,20
461,7.5,320
462,13.2,52
463,5.5,36
464,7.9,188
465,5.3,174
466,11.3,453
467,1.1,100
468,4.2,69
469,9.5,161
470,9.5,161
471,4.8,62
472,7.9,42
473,4.6,75
474,7.4,641
475,4.4,9
476,5.6,109
477,5.6,109
478,12.0,80
479,4.3,111
480,6.3,495
481,5.6,87
482,13.6,48
483,6.9,55
484,9.8,336
485,6.9,112
486,6.8,7
487,5.5,199
488,16.6,367
489,6.0,98
490,6.9,58
491,11.0,160
492,5.7,135
493,3.6,639
494,-1.8,8
495,3.6,639
496,6.4,70
497,4.9,224
498,7.4,640
499,3.1,409
500,4.7,74
501,24.3,73
502,14.1,93
503,3.2,46
504,7.9,21
505,86.7,16
506,4.1,90
507,8.5,47
508,9.5,201
509,7.0,320
510,4.7,219
511,12.3,7
512,5.0,243
513,2.9,33
514,7.0,131
515,5.7,46
516,10.7,128
517,6.4,142
518,10.1,342
519,8.3,96
520,18.7,287
521,8.9,44
522,13.4,249
523,10.3,60
524,8.8,8
525,7.5,103
526,23.1,155
527,6.7,55
528,16.8,150
529,7.4,39
530,1.8,33
531,10.3,30
532,4.0,58
533,27.4,77
534,4.2,47
535,6.8,18
536,5.2,22
537,4.3,175
538,1.7,32
539,5.0,28
540,7.6,408
541,7.5,143
542,5.7,112
543,3.8,28
544,4.4,24
545,9.6,184
546,3.9,30
547,6.3,195
548,6.4,120
549,7.2,167
550,2.6,31
551,7.7,323
552,4.7,51
553,11.1,822
554,7.8,44
555,5.9,437
556,4.1,145
557,4.1,179
558,4.4,120
559,4.4,120
560,4.4,120
561,6.7,428
562,6.7,428
563,4.4,214
564,8.0,319
565,8.8,143
566,11.9,653
567,7.4,167
568,4.8,57
569,7.8,128
570,5.2,5
571,7.0,176
572,8.7,134
573,8.0,291
574,7.6,81
575,15.9,89
576,5.3,90
577,11.4,101
578,11.4,101
579,10.6,149
580,7.3,516
581,7.8,198
582,3.8,33
583,6.0,33
584,6.0,33
585,6.5,275
586,5.2,11
587,4.7,370
588,6.1,255
589,16.6,27
590,3.2,16
591,7.6,31
592,10.2,119
593,8.4,116
594,7.0,153
595,2.6,145
596,7.0,138
597,9.5,19
598,11.4,307
599,5.8,31
600,12.7,203
601,10.5,101
602,10.0,70
603,10.1,163
604,3.5,47
605,7.7,128
606,2.7,21
607,0.5,8
608,5.0,27
609,5.4,74
610,6.5,161
611,6.8,200
612,4.0,22
613,4.6,57
614,11.6,623
615,8.2,48
616,-2.6,6
617,7.7,53
618,3.3,9
619,3.0,34
620,2.5,92
621,6.5,103
622,3.7,122
623,6.5,170
624,7.7,184
625,8.4,109
626,10.0,270
627,6.9,263
628,7.6,64
629,7.7,52
630,7.5,30
631,5.2,51
632,3.3,157
633,6.3,70
634,5.0,83
635,10.3,22
636,6.3,59
637,10.4,124
638,4.0,12
639,3.0,130
640,10.6,47
641,7.6,123
642,11.2,664
643,8.1,234
644,10.9,265
645,4.5,174
646,4.6,50
647,10.6,66
648,14.6,67
649,8.4,13
650,12.0,61
651,6.0,10
652,13.0,56
653,12.3,176
654,17.3,66
655,10.7,277
656,6.6,62
657,3.4,38
658,6.9,93
659,6.8,85
660,7.2,51
661,5.9,42
662,-3.4,4
663,3.0,35
664,7.8,80
665,7.2,114
666,1.3,57
667,5.1,63
668,7.5,25
669,9.1,108
670,5.8,59
671,6.6,106
672,9.1,107
673,5.3,94
674,6.2,27
675,1.9,23
676,4.4,20
677,2.9,67
678,7.1,119
679,4.1,89
680,3.6,158
681,10.7,62
682,7.4,468
683,10.0,117
684,6.5,72
685,6.8,21
686,10.7,13
687,5.7,62
688,20.5,38
689,2.1,15
690,1.7,44
691,6.8,15
692,8.5,354
693,2.9,5
694,6.0,301
695,17.9,94
696,4.2,19
697,6.1,304
698,3.6,22
699,0.5,8
700,10.7,56
701,2.5,40
702,6.1,50
703,4.4,18
704,0.9,18
705,8.7,28
706,5.0,21
707,6.4,105
708,7.9,30
709,7.6,55
710,5.1,96
711,1.5,43
712,3.4,80
713,3.6,14
714,2.8,55
715,0.6,34
716,9.9,434
717,6.0,376
718,0.3,9
719,6.8,60
720,8.3,28
721,7.6,204
722,7.9,51
723,8.7,47
724,4.3,120
725,8.8,93
726,4.3,58
727,8.1,62
728,2.4,20
729,13.6,478
730,4.8,40
731,11.1,26
732,11.7,1351
733,6.2,55
734,8.9,116
735,18.1,35
736,7.8,71
737,9.4,247
738,2.0,35
739,13.4,83
740,10.3,72
741,6.0,21
742,7.4,30
743,4.0,71
744,9.0,209
745,6.7,404
746,7.6,193
747,7.7,104
748,4.4,36
749,11.7,37
750,-1.1,22
751,9.3,31
752,10.1,190
753,20.1,37
754,4.2,222
755,12.9,37
756,8.0,275
757,19.3,35
758,8.1,188
759,11.1,40
760,8.6,158
761,10.0,132
762,8.6,163
763,5.6,187
764,14.8,668
765,4.8,91
766,8.3,248
767,5.2,43
768,2.8,138
769,4.7,240
770,6.4,68
771,7.9,42
772,6.1,114
773,8.6,30
774,25.5,145
775,3.9,26
776,96.9,249
777,6.0,106
778,9.1,84
779,4.4,12
780,10.4,91
781,7.1,222
782,10.8,533
783,2.6,42
784,12.3,212
785,2.4,109
786,5.2,45
787,9.1,190
788,2.5,153
789,8.9,53
790,4.2,78
791,106.2,277
792,5.3,34
793,6.9,203
794,0.6,35
795,7.2,113
796,3.6,158
797,6.7,107
798,5.2,146
799,0.0,64
800,9.3,395
801,21.3,175
802,4.9,138
803,1.7,24
804,9.4,149
805,7.6,124
806,8.7,40
807,8.1,94
808,8.5,78
809,8.2,112
810,7.4,28
811,12.4,69
812,9.0,148
813,7.5,238
814,9.7,118
815,8.9,624
816,6.7,54
817,12.0,145
818,4.3,413
819,9.4,177
820,10.1,83
821,4.3,329
822,7.6,140
823,9.8,99
824,2.1,6
825,6.0,20
826,6.7,70
827,13.2,448
828,12.1,288
829,10.3,45
830,6.4,194
831,15.7,46
832,5.8,98
833,4.7,105
834,5.9,144
835,9.1,90
836,3.4,29
837,8.3,173
838,3.2,212
839,0.7,73
840,11.3,97
841,8.6,183
842,6.1,305
843,6.5,207
844,6.5,176
845,6.1,232
846,7.2,181
847,4.4,122
848,7.8,55
849,4.3,89
850,3.2,24
851,7.2,196
852,5.7,37
853,5.7,37
854,10.6,282
855,7.2,553
856,7.0,26
857,5.3,111
858,9.6,455
859,5.2,5
860,5.7,48
861,8.9,176
862,8.9,159
863,9.2,11
864,6.5,96
865,3.3,40
866,7.7,53
867,12.3,245
868,7.1,225
869,4.2,47
870,7.9,75
871,5.6,13
872,2.1,15
873,7.2,16
874,8.2,193
875,12.3,20
876,5.5,108
877,5.5,199
878,2.5,132
879,8.2,175
880,3.0,43
881,17.0,181
882,4.9,147
883,5.3,54
884,7.4,231
885,2.7,118
886,3.4,161
887,4.8,10
888,2.9,25
889,4.4,46
890,10.0,97
891,2.3,103
892,6.2,151
893,2.1,64
894,7.8,73
895,8.7,243
896,2.1,6
897,9.7,40
898,8.4,161
899,5.1,75
900,7.2,166
901,5.5,46
902,14.2,103
903,7.7,92
904,5.1,162
905,5.9,89
906,8.7,958
907,6.4,119
908,5.2,74
909,10.0,1298
910,7.6,71
911,5.0,450
912,4.3,237
913,5.7,93
914,8.6,150
915,5.7,202
916,5.9,126
917,4.7,94
918,6.0,1
919,10.6,424
920,9.9,93
921,2.7,30
922,7.5,136
923,4.8,61
924,7.4,139
925,7.5,216
926,3.2,212
927,7.4,190
928,8.5,160
929,9.1,57
930,7.9,18
931,6.8,37
932,6.4,8
933,13.4,27
934,4.1,8
935,16.1,42
936,14.8,890
937,7.6,35
938,-1.0,4
939,2.5,42
940,5.6,31
941,9.3,111
942,4.3,95
943,2.1,6
944,13.5,94
945,7.3,98
946,8.9,160
947,10.1,542
948,11.5,16
949,10.3,21
950,16.7,1
951,20.8,63
952,6.0,51
953,5.0,22
954,3.1,118
955,6.0,40
956,9.4,134
957,8.3,28
958,9.9,60
959,8.5,23
960,7.5,67
961,8.4,116
962,4.9,470
963,13.2,63
964,3.4,66
965,7.9,296
966,6.9,256
967,8.3,107
968,5.1,54
969,16.7,1
970,4.1,16
971,6.7,44
972,7.2,4
973,4.8,10
974,1.3,7
975,-0.3,6
976,6.8,183
977,0.7,36
978,5.6,15
979,28.2,73
980,2.0,17
981,11.1,58
982,30.2,81
983,4.8,22
984,1.7,2
985,7.3,46
986,5.0,295
987,8.6,230
988,13.4,35
989,5.9,58
990,2.5,193
991,1.8,77
992,2.9,160
993,69.8,7
994,6.4,101
995,7.9,764
996,4.8,92
997,4.1,242
998,5.1,512
999,3.8,304
1000,5.9,274
1001,6.1,98
1002,6.3,202
1003,9.4,197
1004,6.2,98
1005,4.5,200
1006,7.6,60
1007,3.2,31
1008,4.1,85
1009,16.0,196
1010,6.2,79
1011,24.7,122
1012,7.9,241
1013,5.4,29
1014,17.3,145
1015,10.0,90
1016,14.6,35
1017,7.7,47
1018,7.5,79
1019,23.6,59
1020,14.8,166
1021,9.1,26
1022,4.8,65
1023,8.8,15
1024,4.1,56
1025,14.2,39
1026,7.7,42
1027,2.7,43
1028,10.3,30
1029,4.6,20
1030,1.7,17
1031,4.0,154
1032,11.0,74
1033,7.4,106
1034,8.0,138
1035,8.0,154
1036,0.9,6
1037,2.9,12
1038,13.5,37
1039,10.7,46
1040,8.0,229
1041,7.3,116
1042,3.7,50
1043,5.1,33
1044,5.6,30
1045,6.8,32
1046,5.6,18
1047,4.4,42
1048,5.4,72
1049,3.7,14
1050,9.9,58
1051,2.8,25
1052,7.0,43
1053,9.1,22
1054,5.8,26
1055,3.3,12
1056,4.9,54
1057,5.5,45
1058,12.8,49
1059,7.0,205
1060,8.9,159
1061,4.4,18
1062,6.8,369
1063,5.2,26
1064,2.1,15
1065,7.2,4
1066,4.8,49
1067,-4.6,1
1068,-1.6,22
1069,-0.1,14
1070,-1.8,10
1071,1.9,11
1072,2.1,7
1073,4.0,99
1074,1.1,13
1075,8.0,291
1076,4.7,266
1077,10.9,54
1078,4.1,17
1079,2.1,19
1080,7.6,5
1081,10.8,8
1082,26.3,68
1083,10.3,32
1084,7.4,105
1085,7.2,18
1086,5.5,166
1087,8.5,40
1088,1.7,50
1089,10.8,208
1090,7.2,4
1091,3.6,242
1092,4.0,142
1093,7.2,134
1094,7.3,53
1095,5.1,41
1096,11.5,61
1097,6.4,101
1098,11.1,28
1099,4.0,112
1100,7.2,68
1101,-3.0,11
1102,1.7,5
1103,8.4,315
1104,2.0,83
1105,7.6,105
1106,2.4,74
1107,5.0,29
1108,3.2,24
1109,3.3,178
1110,5.0,635
1111,3.1,44
1112,4.7,176
1113,1.7,37
1114,8.2,128
1115,7.2,34
1116,1.1,14
1117,2.9,69
1118,26.3,284
1119,-5.8,4
1120,6.8,353
1121,7.5,163
1122,4.6,329
1123,4.2,63
1124,3.6,50
1125,7.1,116
1126,2.5,68
1127,2.5,5
1128,27.1,67
1129,8.0,300
1130,26.3,71
1131,8.5,229
1132,29.5,230
1133,5.0,198
1134,12.2,280
1135,8.1,45
1136,5.6,44
1137,0.3,21
1138,4.2,72
1139,1.1,15
1140,69.8,6
1141,4.2,31
1142,6.0,39
1143,6.3,59
1144,1.1,20
1145,0.5,17
1146,1.7,2
1147,3.7,8
1148,7.1,424
1149,2.8,46
1150,4.0,106
1151,1.1,31
1152,0.9,6
1153,5.8,107
1154,7.2,51
1155,7.2,15
1156,5.2,11
1157,18.1,47
1158,3.7,7
1159,-0.3,12
1160,4.8,76
1161,8.5,39
1162,9.9,17
1163,6.2,108
1164,0.9,65
1165,0.9,9
1166,0.3,15
1167,4.5,98
1168,3.4,69
1169,6.0,83
1170,6.8,42
1171,0.9,9
1172,8.2,32
1173,5.6,36
1174,7.4,24
1175,3.7,22
1176,6.4,24
1177,2.9,14
1178,2.5,8
1179,-2.2,7
1180,7.9,45
1181,7.6,230
1182,2.9,46
1183,4.9,39
1184,6.1,59
1185,3.8,54
1186,11.4,134
1187,8.3,25
1188,24.4,54
1189,3.3,3
1190,9.0,107
1191,4.9,121
1192,10.1,84
1193,13.3,41
1194,9.1,27
1195,6.8,22
1196,2.8,67
1197,0.9,9
1198,4.4,85
1199,2.9,34
1200,1.7,35
1201,5.2,614
1202,5.3,197
1203,5.8,174
1204,8.1,473
1205,2.7,229
1206,5.9,165
1207,5.2,59
1208,6.3,202
1209,6.0,164
1210,8.3,26
1211,4.3,308
1212,-0.7,31
1213,2.7,86
1214,5.1,182
1215,6.7,104
1216,2.3,13
1217,2.5,14
1218,6.0,1
1219,11.1,23
1220,8.4,133
1221,11.9,46
1222,5.8,157
1223,2.7,39
1224,7.5,23
1225,7.8,73
1226,5.2,35
1227,11.2,94
1228,8.6,227
1229,9.6,75
1230,8.7,164
1231,11.3,107
1232,7.8,70
1233,4.4,36
1234,1.6,23
1235,9.0,165
1236,3.1,86
1237,6.5,87
1238,7.6,167
1239,6.8,45
1240,2.7,107
1241,7.4,133
1242,19.5,96
1243,6.7,151
1244,5.7,86
1245,3.4,91
1246,5.6,174
1247,8.4,293
1248,-4.6,1
1249,1.5,10
1250,3.1,224
1251,6.9,81
1252,7.0,90
1253,3.1,25
1254,3.0,30
1255,2.7,43
1256,4.1,59
1257,4.9,83
1258,11.0,107
1259,2.8,36
1260,5.2,64
1261,7.1,88
1262,4.6,51
1263,5.9,189
1264,3.3,59
1265,2.7,27
1266,6.4,245
1267,13.0,445
1268,7.6,195
1269,12.4,75
1270,8.9,88
1271,9.8,90
1272,11.1,14
1273,11.5,6
1274,5.4,60
1275,5.8,172
1276,11.4,139
1277,7.7,186
1278,7.9,151
1279,5.2,307
1280,9.5,140
1281,3.4,214
1282,10.0,8
1283,6.4,155
1284,8.4,126
1285,4.5,49
1286,8.8,174
1287,8.8,174
1288,1.7,5
1289,3.8,553
1290,5.5,148
1291,1.7,11
1292,47.3,128
1293,7.6,21
1294,11.7,158
1295,7.5,105
1296,4.0,112
1297,7.6,169
1298,5.2,9
1299,4.5,48
1300,13.4,64
1301,5.2,118
1302,3.9,117
1303,4.7,78
1304,9.9,56
1305,5.3,149
1306,10.2,146
1307,3.2,26
1308,3.2,119
1309,-1.4,12
1310,1.3,10
1311,1.3,10
1312,13.4,96
1313,10.9,57
1314,9.3,322
1315,6.4,20
1316,8.4,16
1317,8.8,715
1318,3.6,20
1319,12.7,72
1320,3.8,34
1321,7.9,24
1322,7.4,84
1323,7.1,132
1324,8.2,1061
1325,6.0,123
1326,4.6,175
1327,6.4,45
1328,8.3,22
1329,11.1,11
1330,10.6,68
1331,6.7,119
1332,7.2,129
1333,5.9,22
1334,7.4,335
1335,6.4,8
1336,10.5,163
1337,52.2,279
1338,14.6,40
1339,3.1,11
1340,6.0,39
1341,12.5,36
1342,6.8,6
1343,10.7,45
1344,5.1,97
1345,0.9,6
1346,5.9,40
1347,15.2,111
1348,8.0,75
1349,7.1,191
1350,5.5,183
1351,5.5,183
1352,6.4,14
1353,16.9,71
1354,13.4,143
1355,10.8,111
1356,14.2,289
1357,3.6,16
1358,52.0,14
1359,6.7,121
1360,9.2,395
1361,5.6,64
1362,5.9,237
1363,3.9,102
1364,2.9,35
1365,11.1,14
1366,9.7,135
1367,11.4,180
1368,7.4,223
1369,4.2,72
1370,6.0,268
1371,4.4,13
1372,17.7,50
1373,8.0,365
1374,8.0,220
1375,4.8,307
1376,4.8,307
1377,10.2,200
1378,5.8,26
1379,4.0,12
1380,9.1,135
1381,7.6,52
1382,4.6,30
1383,3.3,54
1384,6.8,31
1385,9.9,959
1386,10.2,76
1387,6.1,31
1388,11.6,130
1389,9.6,175
1390,13.8,109
1391,8.9,125
1392,6.5,87
1393,6.8,367
1394,5.0,149
1395,10.3,341
1396,6.0,19
1397,7.5,184
1398,16.7,94
1399,9.3,96
1400,1.7,67
1401,5.7,65
1402,9.0,63
1403,4.5,101
1404,8.1,64
1405,13.7,116
1406,9.4,260
1407,6.2,80
1408,7.2,26
1409,6.0,26
1410,6.3,224
1411,3.9,16
1412,8.3,20
1413,4.9,82
1414,7.8,45
1415,9.8,77
1416,5.6,45
1417,8.7,523
1418,1.9,17
1419,8.8,279
1420,14.3,203
1421,6.5,193
1422,8.7,137
1423,4.4,48
1424,5.9,115
1425,6.3,98
1426,7.9,167
1427,11.5,10
1428,7.6,72
1429,6.5,44
1430,5.4,133
1431,8.8,140
1432,2.9,45
1433,6.2,140
1434,21.6,56
1435,6.2,221
1436,5.1,106
1437,5.4,211
1438,3.9,63
1439,6.9,339
1440,4.1,150
1441,7.5,497
1442,2.6,32
1443,2.7,95
1444,8.7,105
1445,5.9,48
1446,4.5,549
1447,4.0,14
1448,8.4,364
1449,4.3,247
1450,8.1,171
1451,7.2,181
1452,11.1,59
1453,3.2,37
1454,8.4,350
1455,4.5,38
1456,13.0,62
1457,4.1,21
1458,9.7,82
1459,1.5,15
1460,-5.8,4
1461,5.8,26
1462,19.6,216
1463,6.0,225
1464,5.9,99
1465,6.4,202
1466,5.1,68
1467,9.0,104
1468,6.7,125
1469,7.6,20
1470,6.1,96
1471,10.0,108
1472,12.4,341
1473,4.8,180
1474,4.4,59
1475,6.2,283
1476,5.2,17
1477,4.9,269
1478,11.8,319
1479,9.9,539
1480,5.3,43
1481,6.7,88
1482,4.6,88
1483,4.6,101
1484,4.6,101
1485,4.6,112
1486,3.5,102
1487,8.8,116
1488,8.7,68
1489,5.1,167
1490,4.1,388
1491,14.9,811
1492,42.6,116
1493,4.8,1379
1494,8.2,247
1495,3.8,1052
1496,4.6,296
1497,8.0,236
1498,2.2,39
1499,6.2,227
1500,18.8,52
1501,1.9,23
1502,3.5,80
1503,34.9,90
1504,3.4,165
1505,12.6,27
1506,2.5,133
1507,21.2,52
1508,2.2,70
1509,7.6,8
1510,5.8,131
1511,6.0,248
1512,7.2,53
1513,7.0,420
1514,13.1,23
1515,5.0,30
1516,10.0,79
1517,6.8,154
1518,4.3,115
1519,8.8,79
1520,49.7,134
1521,6.8,9
1522,7.6,146
1523,6.4,124
1524,-0.3,9
1525,5.4,540
1526,3.6,78
1527,3.4,29
1528,2.4,171
1529,7.4,117
1530,3.2,169
1531,4.0,69
1532,11.3,94
1533,7.2,66
1534,-4.2,2
1535,2.1,18
1536,6.0,26
1537,2.5,4
1538,6.4,120
1539,9.7,440
1540,9.3,89
1541,4.4,60
1542,7.1,323
1543,5.0,119
1544,6.9,268
1545,6.7,178
1546,9.1,292
1547,5.8,193
1548,5.7,66
1549,5.6,15
1550,6.4,20
1551,6.8,129
1552,8.0,77
1553,7.1,30
1554,7.1,30
1555,6.8,74
1556,4.1,155
1557,8.8,210
1558,4.8,146
1559,5.7,77
1560,3.0,251
1561,5.2,205
1562,7.3,150
1563,12.6,122
1564,7.6,81
1565,5.9,77
1566,4.1,85
1567,5.7,147
1568,2.1,12
1569,75.8,396
1570,4.9,53
1571,7.1,210
1572,7.9,289
1573,10.2,381
1574,12.6,155
1575,11.8,57
1576,7.2,10
1577,6.6,60
1578,7.8,29
1579,4.5,221
1580,1.2,52
1581,4.6,26
1582,8.5,208
1583,7.5,100
1584,4.7,38
1585,11.1,8
1586,7.4,161
1587,7.9,127
1588,11.0,115
1589,6.1,83
1590,5.1,100
1591,7.4,22
1592,7.0,529
1593,9.3,62
1594,14.3,94
1595,6.0,38
1596,10.3,14
1597,8.3,19
1598,7.6,20
1599,5.3,53
1600,8.1,156
1601,5.6,231
1602,2.5,10
1603,12.5,42
1604,7.3,155
1605,5.2,92
1606,10.0,5
1607,5.6,167
1608,6.5,72
1609,16.4,46
1610,2.9,34
1611,4.1,208
1612,11.7,161
1613,6.3,83
1614,1.3,7
1615,4.5,47
1616,6.3,120
1617,5.7,185
1618,11.2,81
1619,5.1,99
1620,8.5,532
1621,5.4,179
1622,12.2,131
1623,4.9,537
1624,9.8,206
1625,9.6,395
1626,6.5,419
1627,5.9,61
1628,8.7,23
1629,5.3,114
1630,10.7,66
1631,9.3,34
1632,4.9,55
1633,4.8,127
1634,4.1,117
1635,8.0,693
1636,6.9,964
1637,4.5,159
1638,7.0,511
1639,6.3,824
1640,8.9,904
1641,7.9,1239
1642,5.2,342
1643,9.2,671
1644,5.2,306
1645,8.5,602
1646,5.6,16
1647,7.8,413
1648,4.7,266
1649,5.3,250
1650,5.6,316
1651,6.4,245
1652,6.3,105
1653,8.6,179
1654,4.2,147
1655,4.8,467
1656,8.9,158
1657,11.8,37
1658,9.2,6
1659,11.1,410
1660,8.1,77
1661,10.6,259
1662,9.3,112
1663,9.9,244
1664,11.1,57
1665,6.4,8
1666,1.7,3
1667,8.2,123
1668,9.4,94
1669,23.1,126
1670,5.8,204
1671,8.0,15
1672,7.0,260
1673,7.4,177
1674,7.2,250
1675,10.0,8
1676,11.5,441
1677,6.4,482
1678,11.3,217
1679,6.2,83
1680,10.3,295
1681,7.8,426
1682,11.0,362
1683,5.3,191
1684,14.6,262
1685,4.1,59
1686,10.0,199
1687,12.2,115
1688,7.9,341
1689,4.7,167
1690,10.8,632
1691,9.5,316
1692,9.4,256
1693,4.6,64
1694,9.0,862
1695,8.7,362
1696,6.7,72
1697,9.5,112
1698,8.7,703
1699,3.8,129
1700,7.3,256
1701,3.3,18
1702,5.1,191
1703,8.7,340
1704,6.6,610
1705,3.8,53
1706,5.3,278
1707,9.2,125
1708,7.1,774
1709,6.1,109
1710,9.1,468
1711,5.0,134
1712,4.2,58
1713,4.9,53
1714,8.5,251
1715,1.7,5
1716,6.9,435
1717,7.5,1117
1718,3.4,166
1719,8.7,187
1720,4.2,61
1721,2.1,18
1722,6.7,925
1723,8.2,417
1724,7.5,44
1725,10.2,148
1726,7.4,220
1727,9.3,324
1728,8.6,402
1729,5.5,470
1730,8.6,795
1731,6.1,318
1732,5.2,87
1733,2.3,66
1734,7.9,252
1735,9.5,641
1736,6.8,255
1737,6.7,606
1738,6.3,261
1739,6.3,238
1740,10.1,902
1741,9.2,368
1742,8.0,1328
1743,8.6,123
1744,9.3,202
1745,5.0,86
1746,6.9,156
1747,5.8,205
1748,12.0,77
1749,8.2,552
1750,7.6,154
1751,4.4,12
1752,19.3,94
1753,8.5,236
1754,9.0,125
1755,5.4,59
1756,4.3,135
1757,4.7,223
1758,4.4,29
1759,8.8,630
1760,5.3,235
1761,3.9,151
1762,2.5,35
1763,11.2,382
1764,6.5,103
1765,7.6,192
1766,7.1,51
1767,7.7,335
1768,7.7,435
1769,9.1,55
1770,6.9,168
1771,4.5,258
1772,5.6,198
1773,3.7,92
1774,5.3,87
1775,3.5,79
1776,6.6,61
1777,2.6,32
1778,3.2,46
1779,7.0,68
1780,7.3,95
1781,13.8,45
1782,8.8,8
1783,6.4,397
1784,10.8,127
1785,8.0,293
1786,4.9,134
1787,2.4,27
1788,8.1,698
1789,6.8,304
1790,8.0,86
1791,13.0,339
1792,6.6,198
1793,11.8,479
1794,12.2,321
1795,6.0,147
1796,9.5,177
1797,6.9,889
1798,12.4,1121
1799,8.4,373
1800,10.6,265
1801,4.5,25
1802,4.9,8
1803,9.6,7
1804,8.6,688
1805,9.6,311
1806,3.2,72
1807,6.1,911
1808,10.1,249
1809,8.4,100
1810,7.5,83
1811,7.6,700
1812,3.5,14
1813,6.1,245
1814,6.1,235
1815,7.6,140
1816,4.5,88
1817,6.1,136
1818,6.2,117
1819,10.0,392
1820,5.8,152
1821,8.9,283
1822,6.6,59
1823,5.9,47
1824,3.2,36
1825,8.6,98
1826,9.5,332
1827,5.6,18
1828,11.0,239
1829,7.5,303
1830,3.6,65
1831,6.9,214
1832,4.9,197
1833,7.6,805
1834,6.4,184
1835,7.1,144
1836,8.8,8
1837,7.3,362
1838,8.2,144
1839,11.0,162
1840,4.4,136
1841,13.1,343
1842,8.1,543
1843,4.5,235
1844,7.1,191
1845,6.5,130
1846,6.2,251
1847,4.9,109
1848,10.0,84
1849,10.0,8
1850,7.7,47
1851,6.5,275
1852,7.6,167
1853,5.3,87
1854,6.4,227
1855,8.3,190
1856,11.3,217
1857,6.5,71
1858,7.5,240
1859,4.5,85
1860,6.4,122
1861,5.2,212
1862,8.0,460
1863,8.2,394
1864,6.8,285
1865,8.9,864
1866,7.2,571
1867,11.1,29
1868,8.1,529
1869,3.9,83
1870,4.9,189
1871,9.5,348
1872,9.0,55
1873,4.8,130
1874,2.3,48
1875,-2.6,6
1876,11.3,310
1877,9.1,184
1878,7.0,336
1879,4.1,149
1880,8.6,184
1881,4.8,100
1882,9.9,221
1883,8.0,449
1884,8.5,567
1885,5.8,141
1886,8.1,110
1887,3.6,89
1888,10.8,258
1889,9.5,84
1890,13.4,106
1891,10.3,100
1892,8.9,75
1893,9.2,263
1894,6.4,2
1895,6.7,288
1896,12.2,441
1897,13.2,64
1898,7.5,372
1899,5.8,94
1900,4.8,7
1901,10.5,38
1902,6.8,6
1903,4.8,10
1904,5.0,34
1905,9.0,178
1906,9.8,273
1907,4.5,150
1908,4.8,248
1909,4.8,105
1910,6.3,239
1911,6.5,89
1912,5.8,38
1913,8.8,536
1914,4.3,35
1915,4.8,80
1916,8.9,82
1917,7.7,523
1918,7.9,148
1919,9.5,391
1920,7.1,169
1921,11.9,175
1922,10.5,223
1923,9.7,298
1924,1.3,7
1925,3.4,64
1926,9.7,235
1927,7.1,78
1928,3.8,270
1929,8.4,172
1930,2.6,75
1931,4.9,198
1932,11.0,206
1933,4.4,54
1934,11.5,148
1935,11.5,148
1936,2.5,13
1937,3.8,23
1938,3.4,31
1939,10.3,166
1940,11.8,68
1941,8.0,150
1942,8.5,39
1943,6.9,64
1944,4.2,35
1945,5.0,111
1946,7.4,21
1947,4.6,43
1948,3.7,9
1949,3.8,42
1950,7.1,267
1951,3.4,62
1952,5.2,85
1953,2.3,31
1954,5.2,50
1955,8.5,1006
1956,8.0,539
1957,9.0,291
1958,7.1,630
1959,8.7,602
1960,4.2,310
1961,3.6,77
1962,7.9,508
1963,5.0,33
1964,10.3,348
1965,7.9,405
1966,13.6,72
1967,9.1,196
1968,6.2,155
1969,5.8,151
1970,7.0,245
1971,29.0,78
1972,4.4,12
1973,9.0,773
1974,2.4,42
1975,15.8,106
1976,8.7,67
1977,7.6,123
1978,7.3,203
1979,8.7,707
1980,5.3,173
1981,8.4,212
1982,6.6,141
1983,7.8,127
1984,9.1,276
1985,8.4,232
1986,5.3,166
1987,7.4,641
1988,4.8,317
1989,7.8,161
1990,12.3,187
1991,5.1,32
1992,9.6,137
1993,17.7,49
1994,8.5,49
1995,3.6,52
1996,6.6,178
1997,7.1,133
1998,4.5,39
1999,8.1,633
2000,12.7,93
2001,5.1,141
2002,3.8,63
2003,7.4,204
2004,2.2,89
2005,7.5,295
2006,5.3,59
2007,11.9,46
2008,5.9,454
2009,7.4,120
2010,7.8,280
2011,11.7,114
2012,9.7,277
2013,9.6,65
2014,7.7,125
2015,3.5,40
2016,5.2,68
2017,6.8,491
2018,8.4,666
2019,9.7,216
2020,5.6,24
2021,7.5,32
2022,11.9,7
2023,6.5,209
2024,8.2,174
2025,9.4,442
2026,11.2,73
2027,9.7,40
2028,6.0,20
2029,6.9,38
2030,1.5,37
2031,7.2,231
2032,7.7,189
2033,6.6,306
2034,5.2,29
2035,11.3,266
2036,8.1,114
2037,9.1,163
2038,6.2,324
2039,8.8,8
2040,8.1,39
2041,3.1,17
2042,9.4,247
2043,6.0,155
2044,5.3,85
2045,6.3,143
2046,5.4,48
2047,2.1,6
2048,5.5,561
2049,4.5,116
2050,6.7,437
2051,4.9,40
2052,10.0,8
2053,5.7,140
2054,7.8,142
2055,11.1,69
2056,10.2,107
2057,6.6,72
2058,1.7,103
2059,9.8,179
2060,6.8,858
2061,4.8,7
2062,-2.2,8
2063,14.0,239
2064,8.0,12
2065,7.6,11
2066,7.8,131
2067,6.7,148
2068,8.2,66
2069,11.0,287
2070,4.3,149
2071,-3.8,3
2072,6.3,83
2073,6.3,83
2074,6.2,243
2075,6.7,90
2076,6.5,329
2077,2.1,72
2078,7.5,410
2079,5.3,209
2080,5.0,433
2081,4.5,49
2082,5.4,126
2083,1.9,44
2084,7.6,104
2085,4.5,131
2086,7.4,239
2087,7.4,239
2088,5.9,109
2089,6.3,38
2090,8.9,82
2091,6.9,242
2092,9.1,65
2093,2.9,123
2094,2.9,123
2095,2.9,123
2096,14.6,44
2097,8.0,496
2098,5.3,104
2099,5.8,1229
2100,4.8,384
2101,5.5,543
2102,3.4,75
2103,7.6,10
2104,5.6,110
2105,9.6,26
2106,5.0,165
2107,10.0,148
2108,10.0,148
2109,4.8,10
2110,2.9,102
2111,13.3,157
2112,9.3,102
2113,5.4,223
2114,7.3,385
2115,7.6,220
2116,5.0,27
2117,3.6,231
2118,8.2,162
2119,9.2,185
2120,3.4,174
2121,5.1,141
2122,11.1,8
2123,10.0,8
2124,5.6,9
2125,7.6,14
2126,10.0,9
2127,4.9,159
2128,9.3,129
2129,2.6,279
2130,7.2,95
2131,7.8,299
2132,6.1,118
2133,12.1,69
2134,7.3,480
2135,5.3,206
2136,8.7,82
2137,2.9,143
2138,4.9,162
2139,6.3,205
2140,5.1,56
2141,2.1,24
2142,6.3,825
2143,6.6,34
2144,7.2,39
2145,4.9,108
2146,9.9,14
2147,3.2,47
2148,1.8,70
2149,3.5,38
2150,1.7,5
2151,7.3,666
2152,5.8,316
2153,6.1,78
2154,4.7,180
2155,1.7,14
2156,5.6,135
2157,6.4,396
2158,5.7,186
2159,3.7,218
2160,5.6,292
2161,7.5,138
2162,5.5,109
2163,10.7,23
2164,9.0,39
2165,3.0,175
2166,5.7,234
2167,5.4,90
2168,4.1,56
2169,8.0,6
2170,5.4,157
2171,3.6,52
2172,8.0,9
2173,8.4,7
2174,5.2,118
2175,9.5,16
2176,7.6,22
2177,6.8,428
2178,3.2,18
2179,4.5,62
2180,6.8,3
2181,7.9,107
2182,5.8,124
2183,4.8,10
2184,5.7,170
2185,4.4,54
2186,6.0,115
2187,12.5,243
2188,7.0,205
2189,7.6,85
2190,5.2,17
2191,8.0,91
2192,6.8,887
2193,3.7,14
2194,11.3,576
2195,1.7,14
2196,34.9,202
2197,9.9,159
2198,6.2,138
2199,4.3,46
2200,7.0,114
2201,8.4,71
2202,6.1,81
2203,14.6,31
2204,5.0,43
2205,3.2,19
2206,45.0,129
2207,15.8,43
2208,3.2,94
2209,71.5,204
2210,8.4,7
2211,5.9,67
2212,5.2,52
2213,8.8,368
2214,4.1,8
2215,6.0,53
2216,6.3,100
2217,7.6,87
2218,6.1,498
2219,5.3,25
2220,7.2,13
2221,7.7,196
2222,9.1,90
2223,11.9,10
2224,9.5,105
2225,3.1,113
2226,8.8,11
2227,6.8,12
2228,3.2,72
2229,11.3,54
2230,5.2,26
2231,4.4,47
2232,4.5,151
2233,4.9,67
2234,10.1,18
2235,6.4,28
2236,9.0,271
2237,3.7,53
2238,4.9,308
2239,5.8,380
2240,4.3,166
2241,5.2,100
2242,6.8,25
2243,5.4,75
2244,2.6,22
2245,9.1,61
2246,3.1,43
2247,7.3,42
2248,9.5,133
2249,10.6,101
2250,4.8,38
2251,-8.1,4
2252,12.1,290
2253,9.1,108
2254,8.2,114
2255,7.9,180
2256,2.5,10
2257,6.3,60
2258,8.7,89
2259,8.0,66
2260,9.8,174
2261,1.6,42
2262,5.5,148
2263,10.1,332
2264,11.2,107
2265,5.4,537
2266,6.1,70
2267,6.9,130
2268,0.5,8
2269,2.3,16
2270,7.3,115
2271,7.6,8
2272,7.1,436
2273,-3.4,4
2274,14.4,58
2275,11.2,107
2276,11.6,189
2277,9.6,75
2278,18.2,250
2279,12.3,94
2280,6.9,337
2281,12.6,174
2282,6.1,101
2283,10.6,190
2284,8.7,181
2285,16.6,18
2286,5.2,103
2287,6.8,3
2288,7.3,208
2289,4.9,119
2290,6.3,104
2291,9.5,22
2292,13.4,317
2293,9.6,201
2294,7.4,61
2295,7.3,82
2296,4.7,130
2297,9.5,381
2298,7.9,191
2299,9.1,50
2300,11.1,120
2301,5.5,58
2302,7.6,172
2303,6.5,127
2304,13.6,299
2305,12.0,130
2306,4.4,152
2307,3.2,84
2308,7.0,244
2309,9.9,190
2310,5.6,203
2311,5.0,122
2312,10.3,133
2313,2.2,142
2314,6.8,127
2315,11.1,376
2316,11.2,107
2317,14.6,118
2318,11.5,258
2319,5.3,307
2320,4.3,35
2321,6.1,221
2322,7.2,79
2323,7.4,221
2324,9.4,135
2325,4.1,236
2326,9.7,566
2327,8.4,478
2328,9.5,121
2329,2.9,12
2330,6.6,90
2331,10.3,35
2332,12.6,345
2333,6.7,569
2334,10.4,431
2335,12.0,90
2336,14.5,475
2337,9.7,62
2338,7.6,89
2339,10.3,43
2340,5.5,85
2341,7.6,24
2342,13.4,29
2343,28.1,9
2344,6.8,242
2345,8.0,598
2346,2.5,323
2347,14.7,69
2348,8.7,478
2349,8.0,227
2350,7.9,61
2351,4.9,257
2352,9.7,210
2353,4.0,569
2354,8.8,72
2355,8.4,67
2356,2.7,146
2357,3.6,95
2358,9.4,87
2359,5.9,79
2360,5.7,125
2361,10.7,48
2362,6.7,130
2363,4.8,135
2364,7.8,36
2365,6.8,130
2366,2.3,193
2367,10.7,86
2368,8.4,97
2369,9.3,143
2370,8.1,89
2371,12.1,291
2372,8.6,69
2373,5.5,56
2374,5.8,126
2375,9.3,271
2376,8.3,76
2377,6.2,85
2378,8.0,77
2379,8.3,525
2380,10.7,26
2381,4.5,122
2382,8.7,52
2383,6.6,588
2384,8.5,73
2385,6.2,110
2386,9.1,628
2387,9.4,249
2388,8.0,96
2389,9.2,108
2390,9.1,455
2391,3.8,108
2392,7.6,62
2393,3.2,239
2394,4.4,226
2395,4.9,183
2396,5.6,1907
2397,5.6,1914
2398,4.5,311
2399,10.5,449
2400,6.0,116
2401,6.1,703
2402,8.4,69
2403,13.9,152
2404,7.1,408
2405,4.7,96
2406,3.8,83
2407,7.7,228
2408,7.5,346
2409,9.2,434
2410,7.2,129
2411,5.3,145
2412,6.3,41
2413,5.2,457
2414,10.5,157
2415,6.2,105
2416,7.8,237
2417,4.4,62
2418,13.7,376
2419,4.0,120
2420,8.2,606
2421,5.3,88
2422,9.4,122
2423,6.5,73
2424,4.3,70
2425,10.3,46
2426,7.1,203
2427,4.7,268
2428,6.4,142
2429,6.3,41
2430,7.0,76
2431,3.8,41
2432,13.7,274
2433,5.0,43
2434,10.3,338
2435,5.4,74
2436,4.5,44
2437,9.1,54
2438,9.1,72
2439,10.3,603
2440,11.8,88
2441,7.2,139
2442,6.8,410
2443,9.8,122
2444,16.4,36
2445,3.1,35
2446,6.1,211
2447,5.5,213
2448,17.0,762
2449,5.3,61
2450,7.0,215
2451,10.3,66
2452,10.1,57
2453,4.0,12
2454,5.8,266
2455,8.2,461
2456,3.5,482
2457,6.9,97
2458,6.6,140
2459,7.2,218
2460,5.6,252
2461,5.5,120
2462,6.4,51
2463,8.7,520
2464,3.6,42
2465,4.2,197
2466,6.4,613
2467,7.0,38
2468,10.1,401
2469,4.8,41
2470,7.6,145
2471,9.3,346
2472,12.3,189
2473,7.6,207
2474,5.3,33
2475,6.9,338
2476,8.0,133
2477,7.6,205
2478,9.2,294
2479,6.3,857
2480,7.6,92
2481,7.5,104
2482,10.7,115
2483,17.4,115
2484,5.9,556
2485,6.6,143
2486,14.8,66
2487,6.1,51
2488,5.4,108
2489,6.5,211
2490,9.6,156
2491,6.1,397
2492,13.9,70
2493,10.7,236
2494,4.8,40
2495,2.8,296
2496,10.1,149
2497,8.5,112
2498,10.3,136
2499,4.7,163
2500,9.9,243
2501,11.5,397
2502,7.0,66
2503,6.8,75
2504,3.9,139
2505,7.0,245
2506,2.7,185
2507,14.3,81
2508,3.7,291
2509,7.1,349
2510,7.1,308
2511,6.2,201
2512,6.8,74
2513,5.1,175
2514,9.1,165
2515,5.9,77
2516,4.0,61
2517,7.5,43
2518,9.5,50
2519,5.5,110
2520,9.0,168
2521,5.8,123
2522,16.1,241
2523,9.0,128
2524,4.9,63
2525,10.3,620
2526,8.1,113
2527,4.8,319
2528,3.9,97
2529,5.1,422
2530,6.7,92
2531,4.3,72
2532,6.8,167
2533,5.5,232
2534,6.0,65
2535,6.9,349
2536,4.8,195
2537,5.6,326
2538,7.4,157
2539,1.5,75
2540,5.4,164
2541,14.3,99
2542,4.3,587
2543,8.3,81
2544,5.0,41
2545,13.2,75
2546,6.0,2147
2547,11.6,58
2548,12.8,180
2549,1.7,2
2550,7.1,523
2551,5.9,102
2552,6.3,287
2553,6.7,164
2554,7.4,228
2555,7.4,346
2556,10.4,314
2557,9.2,198
2558,6.8,74
2559,11.9,31
2560,14.7,34
2561,8.0,404
2562,6.2,322
2563,6.0,106
2564,8.4,33
2565,7.4,218
2566,8.8,91
2567,15.4,31
2568,6.1,317
2569,4.4,126
2570,-3.4,4
2571,10.3,66
2572,20.9,34
2573,5.9,81
2574,8.0,12
2575,4.3,55
2576,6.2,57
2577,5.4,207
2578,2.6,167
2579,3.8,81
2580,7.3,88
2581,4.0,78
2582,8.3,58
2583,5.4,36
2584,9.1,122
2585,12.8,373
2586,7.6,86
2587,10.5,103
2588,9.2,884
2589,6.9,171
2590,10.3,77
2591,5.1,500
2592,10.5,128
2593,8.9,32
2594,4.8,32
2595,7.5,121
2596,6.4,315
2597,5.5,27
2598,6.3,94
2599,4.1,160
2600,5.4,23
2601,12.3,170
2602,4.0,44
2603,4.5,403
2604,11.1,75
2605,4.0,99
2606,7.6,11
2607,4.8,278
2608,4.4,155
2609,5.9,96
2610,15.4,51
2611,6.4,71
2612,7.4,118
2613,9.2,170
2614,7.0,38
2615,9.5,14
2616,6.3,245
2617,8.7,115
2618,7.2,180
2619,14.6,74
2620,10.6,87
2621,7.5,59
2622,8.2,99
2623,5.8,287
2624,6.9,46
2625,8.2,225
2626,22.0,115
2627,6.7,120
2628,18.1,52
2629,5.2,34
2630,12.0,273
2631,6.0,281
2632,7.5,278
2633,7.9,323
2634,3.8,198
2635,4.0,101
2636,8.7,107
2637,3.2,173
2638,5.0,781
2639,10.1,1192
2640,7.2,214
2641,4.6,38
2642,4.6,38
2643,7.8,105
2644,5.1,83
2645,5.8,229
2646,7.0,251
2647,7.8,216
2648,5.8,176
2649,11.0,71
2650,4.1,332
2651,6.3,25
2652,5.6,144
2653,3.4,140
2654,7.9,188
2655,5.4,76
2656,4.2,187
2657,7.4,158
2658,12.0,118
2659,9.2,456
2660,6.8,218
2661,7.3,125
2662,6.0,1346
2663,6.0,265
2664,15.0,61
2665,15.0,61
2666,15.0,61
2667,13.7,141
2668,8.0,208
2669,6.0,35
2670,3.8,64
2671,11.5,112
2672,9.6,207
2673,5.9,65
2674,4.5,39
2675,9.3,127
2676,4.9,174
2677,9.8,248
2678,4.0,129
2679,6.3,106
2680,3.9,112
2681,5.3,108
2682,3.6,40
2683,11.6,112
2684,3.9,85
2685,6.6,199
2686,21.9,43
2687,7.4,34
2688,16.8,323
2689,4.2,63
2690,4.3,261
2691,10.0,642
2692,8.9,75
2693,9.3,377
2694,9.2,92
2695,4.3,715
2696,7.6,46
2697,7.4,238
2698,5.1,262
2699,5.4,343
2700,7.0,890
2701,9.2,153
2702,6.8,50
2703,5.8,510
2704,6.0,138
2705,8.0,197
2706,9.5,342
2707,11.7,95
2708,8.6,181
2709,9.3,55
2710,7.1,341
2711,5.8,150
2712,15.4,32
2713,3.2,254
2714,7.8,128
2715,5.8,156
2716,7.2,64
2717,7.6,380
2718,7.6,103
2719,8.6,455
2720,7.4,73
2721,3.8,59
2722,6.6,210
2723,5.0,209
2724,4.3,108
2725,6.0,233
2726,10.4,520
2727,6.6,110
2728,5.4,50
2729,6.5,423
2730,6.2,818
2731,10.4,302
2732,8.2,137
2733,3.8,95
2734,7.1,79
2735,20.5,322
2736,9.7,150
2737,5.4,89
2738,10.5,59
2739,5.8,177
2740,11.0,341
2741,6.4,180
2742,7.0,226
2743,9.8,714
2744,7.9,69
2745,3.5,144
2746,9.1,170
2747,10.4,286
2748,7.1,178
2749,2.7,33
2750,6.8,167
2751,13.9,117
2752,7.4,209
2753,8.7,167
2754,5.1,400
2755,9.4,81
2756,9.2,304
2757,6.6,103
2758,6.4,249
2759,7.5,178
2760,7.8,864
2761,4.1,57
2762,7.2,262
2763,10.3,187
2764,6.5,522
2765,4.2,139
2766,8.0,63
2767,6.1,106
2768,5.6,36
2769,6.6,1121
2770,4.0,43
2771,11.4,648
2772,10.1,301
2773,12.9,158
2774,5.1,98
2775,10.6,234
2776,7.2,4
2777,7.1,71
2778,11.6,595
2779,7.3,160
2780,4.4,134
2781,6.1,281
2782,11.4,73
2783,13.9,170
2784,5.6,26
2785,7.9,221
2786,10.8,113
2787,6.0,460
2788,6.3,88
2789,5.0,192
2790,6.7,144
2791,10.3,87
2792,4.0,28
2793,3.9,152
2794,10.9,227
2795,12.6,212
2796,13.7,255
2797,9.4,115
2798,2.4,79
2799,13.9,307
2800,9.4,148
2801,11.0,188
2802,8.9,89
2803,9.5,168
2804,9.3,75
2805,9.2,102
2806,4.5,108
2807,6.9,61
2808,9.8,110
2809,8.3,113
2810,6.4,75
2811,4.5,37
2812,5.8,495
2813,8.4,33
2814,15.3,95
2815,4.2,126
2816,7.9,72
2817,14.2,90
2818,12.0,182
2819,11.4,33
2820,5.6,79
2821,4.7,151
2822,7.5,172
2823,12.3,30
2824,13.2,57
2825,11.8,116
2826,9.8,111
2827,5.3,989
2828,8.4,119
2829,8.0,308
2830,5.6,94
2831,8.4,56
2832,13.2,226
2833,8.1,93
2834,8.1,66
2835,7.4,73
2836,7.0,50
2837,6.5,143
2838,6.9,80
2839,7.6,403
2840,7.5,94
2841,6.1,83
2842,7.6,944
2843,5.5,60
2844,5.7,81
2845,11.3,44
2846,11.2,147
2847,4.0,103
2848,6.9,58
2849,9.4,155
2850,8.1,670
2851,2.8,68
2852,8.4,81
2853,9.8,105
2854,14.3,91
2855,4.8,103
2856,7.3,96
2857,6.2,314
2858,11.8,178
2859,6.4,101
2860,12.1,56
2861,13.9,520
2862,9.6,73
2863,10.4,69
2864,6.7,555
2865,9.3,51
2866,9.9,184
2867,9.4,96
2868,12.7,294
2869,3.8,107
2870,8.9,468
2871,10.2,109
2872,5.1,65
2873,16.2,71
2874,14.2,104
2875,6.1,123
2876,14.8,124
2877,5.9,101
2878,7.5,228
2879,13.1,110
2880,12.3,666
2881,6.1,115
2882,6.2,105
2883,4.6,192
2884,19.7,608
2885,7.4,342
2886,7.4,342
2887,20.0,97
2888,7.2,196
2889,8.5,359
2890,9.1,176
2891,13.1,64
2892,4.6,425
2893,7.4,119
2894,7.5,254
2895,10.8,478
2896,8.7,142
2897,5.4,24
2898,8.3,116
2899,8.2,93
2900,11.0,87
2901,6.0,11
2902,9.2,251
2903,7.9,72
2904,11.0,83
2905,6.1,98
2906,10.5,450
2907,11.8,118
2908,5.6,12
2909,6.1,102
2910,11.1,53
2911,8.4,434
2912,11.1,46
2913,9.6,130
2914,8.3,90
2915,15.4,115
2916,5.9,79
2917,9.0,866
2918,10.5,50
2919,10.6,78
2920,13.4,177
2921,8.8,155
2922,3.5,209
2923,13.1,87
2924,10.9,73
2925,7.8,153
2926,6.8,39
2927,9.2,366
2928,6.3,166
2929,6.9,245
2930,9.0,412
2931,1.3,36
2932,4.9,79
2933,6.5,70
2934,17.5,120
2935,5.8,84
2936,7.5,133
2937,18.3,108
2938,4.5,190
2939,7.6,172
2940,8.2,48
2941,9.1,27
2942,5.7,134
2943,8.6,117
2944,7.0,139
2945,7.1,78
2946,10.5,50
2947,9.2,66
2948,9.6,123
2949,4.0,134
2950,8.8,216
2951,4.8,10
2952,14.9,222
2953,5.1,43
2954,7.1,460
2955,10.6,103
2956,11.0,245
2957,6.2,80
2958,5.9,196
2959,5.0,181
2960,17.4,71
2961,4.9,40
2962,2.1,37
2963,10.1,295
2964,11.1,60
2965,5.8,113
2966,12.6,195
2967,7.9,153
2968,7.8,282
2969,13.1,29
2970,8.9,280
2971,5.8,315
2972,7.9,209
2973,13.5,207
2974,7.7,89
2975,3.4,29
2976,2.2,143
2977,4.9,620
2978,4.3,92
2979,7.6,311
2980,9.9,242
2981,9.5,370
2982,9.8,356
2983,12.0,133
2984,11.0,233
2985,4.4,311
2986,4.8,65
2987,4.0,66
2988,7.6,245
2989,8.7,166
2990,6.6,171
2991,5.1,32
2992,11.5,352
2993,7.1,63
2994,4.2,23
2995,13.1,19
2996,5.9,116
2997,7.7,516
2998,9.9,211
2999,5.9,155
3000,3.0,80
3001,11.3,108
3002,4.2,60
3003,9.2,137
3004,6.7,71
3005,8.7,403
3006,3.4,38
3007,10.9,376
3008,5.6,281
3009,10.7,75
3010,9.5,108
3011,3.8,164
3012,11.4,75
3013,7.3,498
3014,13.3,196
3015,8.3,78
3016,7.3,72
3017,3.0,61
3018,13.4,67
3019,6.7,199
3020,8.8,341
3021,10.1,192
3022,1.7,12
3023,7.4,281
3024,4.5,188
3025,7.5,140
3026,8.8,96
3027,5.5,309
3028,8.2,59
3029,6.2,186
3030,11.7,144
3031,12.7,6
3032,10.1,1237
3033,4.9,43
3034,8.6,592
3035,9.5,13
3036,7.8,37
3037,6.0,40
3038,7.4,68
3039,4.7,173
3040,10.8,69
3041,9.2,501
3042,7.4,86
3043,3.9,155
3044,11.2,129
3045,7.4,84
3046,6.9,92
3047,5.4,87
3048,5.5,159
3049,6.0,13
3050,12.3,170
3051,6.4,371
3052,5.8,269
3053,7.3,130
3054,9.5,209
3055,5.5,159
3056,7.6,389
3057,5.5,59
3058,7.2,148
3059,7.5,248
3060,6.1,43
3061,10.1,84
3062,6.2,73
3063,7.6,172
3064,9.2,239
3065,4.1,169
3066,3.2,137
3067,1.7,8
3068,7.2,157
3069,8.4,391
3070,9.0,220
3071,8.1,47
3072,5.0,535
3073,9.5,131
3074,13.3,150
3075,12.7,30
3076,6.7,120
3077,3.4,81
3078,8.5,166
3079,7.1,94
3080,8.6,43
3081,6.4,145
3082,8.8,288
3083,9.2,198
3084,6.3,142
3085,9.1,136
3086,14.0,146
3087,5.2,669
3088,5.2,35
3089,5.5,61
3090,6.2,163
3091,3.1,19
3092,6.8,705
3093,12.7,77
3094,12.5,202
3095,7.3,183
3096,10.3,15
3097,7.8,91
3098,11.5,29
3099,7.3,289
3100,7.4,169
3101,9.9,161
3102,9.2,219
3103,7.5,115
3104,7.2,45
3105,5.3,251
3106,3.4,193
3107,7.7,396
3108,6.1,400
3109,8.2,199
3110,8.1,125
3111,7.8,172
3112,7.4,104
3113,6.1,177
3114,11.4,430
3115,9.9,57
3116,13.0,298
3117,5.6,127
3118,7.4,101
3119,5.5,200
3120,11.2,135
3121,15.0,18
3122,6.4,314
3123,4.1,273
3124,7.4,650
3125,6.5,471
3126,4.3,283
3127,5.4,211
3128,11.8,216
3129,7.7,213
3130,10.4,176
3131,9.9,654
3132,5.2,246
3133,8.8,96
3134,8.6,641
3135,5.1,202
3136,5.9,57
3137,7.2,32
3138,14.3,108
3139,6.7,47
3140,7.9,296
3141,7.9,131
3142,5.5,94
3143,1.3,30
3144,5.1,477
3145,2.4,109
3146,2.4,109
3147,10.0,81
3148,5.8,187
3149,5.1,144
3150,12.8,178
3151,10.5,293
3152,6.3,59
3153,4.4,300
3154,6.6,130
3155,7.2,96
3156,11.1,379
3157,8.9,640
3158,7.8,387
3159,7.2,97
3160,3.6,52
3161,6.3,227
3162,6.4,220
3163,6.1,40
3164,7.3,85
3165,6.5,45
3166,6.5,272
3167,10.1,106
3168,10.0,135
3169,11.1,110
3170,7.3,73
3171,10.7,77
3172,11.0,342
3173,5.6,532
3174,6.3,443
3175,7.1,196
3176,6.0,195
3177,21.3,38
3178,7.6,203
3179,9.3,228
3180,6.2,754
3181,3.7,10
3182,11.3,39
3183,9.8,103
3184,8.6,54
3185,8.5,106
3186,5.9,246
3187,9.0,146
3188,4.4,566
3189,7.4,98
3190,17.4,19
3191,6.3,127
3192,8.6,118
3193,9.3,125
3194,7.3,303
3195,4.2,51
3196,7.3,184
3197,3.1,17
3198,10.6,254
3199,3.6,62
3200,3.7,65
3201,8.5,485
3202,6.5,505
3203,8.4,163
3204,8.5,60
3205,17.3,45
3206,3.1,140
3207,5.9,50
3208,8.4,130
3209,5.2,285
3210,8.6,793
3211,5.6,18
3212,9.9,367
3213,7.0,662
3214,5.8,109
3215,4.1,134
3216,11.7,400
3217,6.5,163
3218,9.2,57
3219,7.4,178
3220,9.9,14
3221,8.7,169
3222,5.8,80
3223,17.6,258
3224,6.9,46
3225,3.7,1138
3226,6.9,50
3227,4.6,40
3228,6.8,94
3229,12.3,94
3230,9.6,78
3231,8.3,70
3232,5.4,199
3233,10.4,68
3234,5.7,101
3235,6.6,402
3236,6.8,153
3237,13.9,112
3238,13.0,174
3239,8.4,7
3240,6.9,388
3241,6.0,105
3242,6.4,305
3243,5.2,237
3244,6.2,163
3245,6.6,206
3246,7.6,17
3247,7.2,175
3248,4.0,43
3249,10.6,136
3250,7.6,73
3251,25.3,55
3252,9.5,111
3253,14.7,53
3254,7.2,219
3255,6.1,115
3256,7.5,215
3257,5.7,184
3258,3.8,312
3259,3.2,109
3260,5.2,231
3261,9.6,101
3262,7.6,82
3263,8.0,189
3264,9.0,280
3265,6.2,173
3266,3.0,222
3267,4.0,84
3268,7.6,256
3269,4.3,350
3270,9.8,79
3271,12.7,252
3272,8.6,52
3273,7.9,78
3274,9.4,116
3275,6.8,109
3276,4.6,52
3277,7.6,87
3278,11.3,219
3279,5.4,71
3280,8.6,188
3281,10.5,45
3282,9.4,292
3283,9.7,40
3284,17.0,22
3285,8.1,66
3286,12.3,71
3287,8.3,41
3288,12.2,35
3289,12.6,138
3290,4.0,84
3291,5.6,324
3292,8.2,202
3293,11.3,145
3294,6.5,90
3295,10.4,123
3296,7.3,144
3297,13.1,94
3298,6.8,1886
3299,5.5,62
3300,5.0,106
3301,10.7,38
3302,8.2,132
3303,7.6,43
3304,3.7,62
3305,8.7,104
3306,7.2,216
3307,4.4,134
3308,6.3,399
3309,9.8,604
3310,15.1,292
3311,7.9,18
3312,7.0,95
3313,6.3,162
3314,9.6,497
3315,5.3,26
3316,5.2,17
3317,7.2,266
3318,5.0,53
3319,3.5,193
3320,11.0,245
3321,8.6,908
3322,9.3,139
3323,5.8,378
3324,6.4,85
3325,4.7,22
3326,7.4,269
3327,6.4,279
3328,14.3,347
3329,4.0,28
3330,9.9,81
3331,4.0,270
3332,8.3,228
3333,9.0,65
3334,8.7,272
3335,7.0,66
3336,9.1,188
3337,6.9,184
3338,4.8,48
3339,9.7,884
3340,7.9,325
3341,4.6,73
3342,4.5,111
3343,4.4,114
3344,6.0,765
3345,10.9,376
3346,7.0,116
3347,8.5,219
3348,6.9,221
3349,8.2,26
3350,6.6,105
3351,10.0,81
3352,2.9,134
3353,12.5,1351
3354,7.6,37
3355,7.9,405
3356,10.3,21
3357,5.2,77
3358,6.4,84
3359,3.1,35
3360,9.0,275
3361,7.1,250
3362,9.3,33
3363,4.4,86
3364,6.0,188
3365,9.2,234
3366,11.4,544
3367,10.7,39
3368,6.5,416
3369,7.5,116
3370,9.2,12
3371,11.4,1156
3372,12.1,40
3373,9.9,56
3374,9.4,83
3375,3.0,44
3376,11.3,164
3377,8.5,387
3378,4.3,340
3379,3.6,230
3380,5.4,463
3381,1.5,445
3382,5.0,88
3383,9.9,206
3384,3.1,52
3385,6.1,71
3386,11.5,27
3387,16.6,40
3388,3.1,26
3389,5.2,1647
3390,10.3,146
3391,7.3,70
3392,8.7,42
3393,13.6,69
3394,12.1,121
3395,6.1,162
3396,4.6,20
3397,8.0,98
3398,15.6,1402
3399,3.3,46
3400,8.7,71
3401,6.3,140
3402,9.8,120
3403,10.0,122
3404,8.4,117
3405,9.2,739
3406,4.4,277
3407,7.4,123
3408,7.7,122
3409,4.9,124
3410,7.9,222
3411,5.0,515
3412,3.6,93
3413,13.0,56
3414,17.7,330
3415,4.7,205
3416,10.6,122
3417,7.8,247
3418,14.0,57
3419,11.8,166
3420,7.3,1216
3421,5.6,54
3422,15.1,45
3423,4.3,37
3424,7.1,48
3425,8.8,81
3426,7.9,88
3427,6.4,247
3428,4.7,292
3429,6.6,580
3430,6.8,21
3431,11.1,326
3432,8.8,209
3433,10.4,1178
3434,4.8,1018
3435,16.1,319
3436,4.5,112
3437,4.9,145
3438,6.1,53
3439,4.2,79
3440,9.9,230
3441,6.9,174
3442,5.2,102
3443,8.6,73
3444,4.3,427
3445,10.2,304
3446,10.0,702
3447,7.6,121
3448,7.8,54
3449,6.0,132
3450,8.1,900
3451,4.5,310
3452,7.4,154
3453,7.4,163
3454,7.7,123
3455,8.6,45
3456,4.7,353
3457,9.5,420
3458,16.6,217
3459,6.9,93
3460,6.0,32
3461,4.7,75
3462,9.6,7
3463,4.4,350
3464,6.7,211
3465,4.1,126
3466,13.8,620
3467,4.7,240
3468,7.9,166
3469,8.9,237
3470,7.0,160
3471,8.7,173
3472,7.5,1255
3473,7.3,742
3474,3.8,87
3475,8.8,159
3476,14.2,51
3477,2.8,33
3478,6.4,145
3479,6.3,217
3480,9.1,158
3481,6.1,57
3482,5.5,60
3483,6.8,183
3484,42.2,21
3485,10.0,228
3486,6.3,584
3487,3.6,940
3488,5.9,89
3489,8.4,208
3490,9.7,147
3491,11.6,98
3492,14.9,84
3493,8.7,93
3494,9.3,708
3495,7.1,636
3496,12.7,542
3497,15.8,111
3498,7.6,101
3499,10.2,54
3500,9.4,962
3501,5.8,229
3502,7.8,58
3503,3.5,19
3504,6.6,72
3505,1.1,19
3506,13.0,148
3507,10.3,27
3508,26.3,15
3509,7.5,72
3510,10.5,256
3511,4.4,518
3512,4.6,247
3513,6.2,29
3514,11.5,31
3515,11.0,286
3516,5.0,241
3517,8.3,57
3518,14.0,52
3519,10.7,74
3520,5.2,31
3521,3.6,13
3522,6.1,40
3523,6.6,152
3524,5.8,450
3525,7.4,452
3526,8.7,207
3527,16.6,30
3528,6.1,164
3529,8.3,80
3530,10.3,58
3531,7.7,424
3532,8.5,197
3533,8.1,100
3534,9.9,178
3535,8.6,302
3536,10.4,274
3537,4.4,32
3538,13.5,30
3539,8.3,78
3540,9.2,61
3541,6.1,384
3542,6.0,49
3543,7.1,161
3544,11.6,47
3545,8.2,306
3546,16.1,312
3547,6.0,50
3548,10.3,9
3549,5.6,107
3550,11.4,188
3551,6.1,152
3552,9.7,209
3553,44.9,47
3554,5.4,166
3555,6.0,239
3556,9.2,9
3557,7.6,154
3558,8.4,281
3559,8.2,178
3560,13.3,38
3561,4.4,87
3562,7.8,199
3563,7.3,117
3564,7.0,153
3565,8.8,385
3566,12.1,190
3567,12.8,64
3568,6.9,38
3569,15.4,43
3570,6.0,13
3571,3.7,143
3572,9.8,142
3573,1.9,11
3574,8.9,207
3575,7.8,180
3576,21.6,128
3577,14.8,78
3578,5.8,218
3579,5.7,93
3580,5.1,43
3581,5.6,106
3582,8.6,133
3583,12.7,313
3584,3.9,24
3585,9.6,20
3586,2.7,56
3587,9.0,132
3588,7.7,246
3589,13.1,94
3590,10.9,148
3591,15.6,188
3592,4.4,12
3593,4.3,146
3594,9.7,110
3595,6.9,57
3596,19.8,79
3597,5.6,115
3598,4.0,34
3599,7.8,60
3600,13.8,56
3601,6.0,21
3602,7.8,62
3603,10.8,133
3604,6.3,41
3605,2.5,41
3606,12.0,290
3607,9.7,140
3608,6.7,297
3609,7.8,180
3610,-0.9,16
3611,4.4,63
3612,8.6,117
3613,7.1,231
3614,11.1,399
3615,1.3,12
3616,10.0,44
3617,6.7,89
3618,7.2,461
3619,6.2,65
3620,16.6,37
3621,4.4,49
3622,8.5,80
3623,6.7,60
3624,9.6,391
3625,7.5,72
3626,7.7,128
3627,8.0,155
3628,10.7,26
3629,3.6,301
3630,7.8,324
3631,8.5,414
3632,7.4,204
3633,9.8,209
3634,4.5,74
3635,7.2,101
3636,7.0,96
3637,5.0,94
3638,8.7,253
3639,6.2,184
3640,10.5,249
3641,7.5,111
3642,9.6,42
3643,7.1,72
3644,5.7,195
3645,13.5,21
3646,2.4,108
3647,34.0,16
3648,7.4,123
3649,8.0,77
3650,9.0,168
3651,6.9,205
3652,6.3,935
3653,7.1,419
3654,7.1,35
3655,9.7,47
3656,15.0,748
3657,7.6,36
3658,6.4,103
3659,7.4,34
3660,7.4,34
3661,9.4,131
3662,12.7,24
3663,7.6,167
3664,11.3,156
3665,10.1,342
3666,6.8,37
3667,6.1,220
3668,7.3,115
3669,7.6,74
3670,6.3,372
3671,9.7,186
3672,8.2,148
3673,7.8,54
3674,9.2,206
3675,8.8,235
3676,6.2,57
3677,8.9,236
3678,11.9,274
3679,7.7,215
3680,5.6,93
3681,26.9,15
3682,17.1,76
3683,6.7,174
3684,6.6,62
3685,5.6,1030
3686,9.9,193
3687,10.9,57
3688,6.2,111
3689,4.1,284
3690,5.9,98
3691,15.8,36
3692,4.5,102
3693,6.3,72
3694,4.9,85
3695,9.9,185
3696,4.8,1168
3697,4.5,41
3698,9.1,39
3699,6.6,341
3700,4.5,38
3701,4.5,97
3702,4.5,12
3703,7.2,30
3704,7.1,415
3705,10.0,79
3706,3.1,228
3707,-3.4,4
3708,6.8,89
3709,7.0,316
3710,5.5,154
3711,9.2,23
3712,4.2,695
3713,9.5,13
3714,5.2,42
3715,2.4,78
3716,10.5,271
3717,10.0,129
3718,8.7,246
3719,28.8,14
3720,6.2,54
3721,14.4,351
3722,11.1,120
3723,9.9,148
3724,8.0,377
3725,7.1,104
3726,13.0,96
3727,10.0,194
3728,11.1,88
3729,9.2,304
3730,8.5,313
3731,7.6,436
3732,12.0,136
3733,6.1,109
3734,9.8,284
3735,8.7,161
3736,6.3,126
3737,4.6,19
3738,7.0,43
3739,4.8,50
3740,11.1,125
3741,6.8,98
3742,9.5,393
3743,6.6,298
3744,8.6,136
3745,10.7,462
3746,6.9,141
3747,8.9,91
3748,11.8,104
3749,3.6,41
3750,7.1,75
3751,5.0,224
3752,13.5,240
3753,5.8,234
3754,9.7,120
3755,8.5,304
3756,10.1,45
3757,4.8,33
3758,9.0,66
3759,12.0,93
3760,9.2,1141
3761,2.9,46
3762,7.7,629
3763,6.8,173
3764,6.6,58
3765,10.3,21
3766,13.3,268
3767,9.2,213
3768,6.9,410
3769,3.1,35
3770,5.2,101
3771,12.2,239
3772,9.9,28
3773,9.5,146
3774,11.6,155
3775,9.1,935
